Model,Mean Squared Error,Root Mean Squared Error,Mean Absolute Error,R-squared
Linear Regression,17.603737398324718,4.195680802721379,3.3952609258019204,0.14149247411195776
Random Forest,15.487262025316461,3.9353858801033046,3.1477215189873418,0.24470976229175112
Gradient Boosting,16.21498896005627,4.026783947526397,3.2346168701036144,0.20921962538906025
