Model,Mean Squared Error,Root Mean Squared Error,Mean Absolute Error,R-squared
Linear Regression,5.686037285354755,2.3845413155059307,1.7053368671428402,0.7227006009291171
Random Forest,3.910813924050632,1.9775777921615707,1.1816455696202535,0.8092755469946551
Gradient Boosting,4.521285409679873,2.1263314439851264,1.2594569149394523,0.7795037801877591
